USE master;
GO

IF NOT EXISTS (SELECT name FROM sys.databases WHERE name = 'testdb2')
BEGIN
    CREATE DATABASE testdb2;
END
GO

USE testdb2;
GO

CREATE TABLE orders (
    order_id INT IDENTITY(1,1) PRIMARY KEY,
    user_id INT NOT NULL,
    item_id INT NOT NULL,
    total_amount DECIMAL(10,2) NOT NULL,
    item_count INT NOT NULL DEFAULT 1,
    order_status NVARCHAR(20) DEFAULT 'pending',
    order_date DATETIME2 DEFAULT GETDATE()
);

CREATE TABLE users (
    user_id INT IDENTITY(1,1) PRIMARY KEY,
    full_name NVARCHAR(100) NOT NULL,
    email NVARCHAR(150) UNIQUE,
    location NVARCHAR(50),
    region NVARCHAR(50),
    registration_date DATE
);

CREATE TABLE items (
    item_id INT IDENTITY(1,1) PRIMARY KEY,
    item_name NVARCHAR(100) NOT NULL,
    type_id INT NOT NULL,
    price DECIMAL(10,2) NOT NULL,
    stock_quantity INT DEFAULT 0
);

CREATE TABLE product_types (
    type_id INT IDENTITY(1,1) PRIMARY KEY,
    type_name NVARCHAR(50) NOT NULL,
    description NVARCHAR(MAX)
);

SET IDENTITY_INSERT product_types ON;
INSERT INTO product_types (type_id, type_name, description) VALUES
(1, 'Tech', 'Technology and electronic devices'),
(2, 'Books', 'Physical and digital publications'),
(3, 'Clothing', 'Apparel and fashion accessories'),
(4, 'Home', 'Home and garden products');
SET IDENTITY_INSERT product_types OFF;

SET IDENTITY_INSERT items ON;
INSERT INTO items (item_id, item_name, type_id, price, stock_quantity) VALUES
(1, 'Professional Laptop', 1, 1200.00, 50),
(2, 'Coding Manual', 2, 45.99, 100),
(3, 'T-Shirt', 3, 25.00, 200),
(4, 'Coffee Maker', 4, 89.99, 30),
(5, 'Smartphone', 1, 699.99, 75),
(6, 'Novel', 2, 15.99, 150),
(7, 'Jeans', 3, 65.00, 80),
(8, 'Desk Lamp', 4, 35.50, 40);
SET IDENTITY_INSERT items OFF;

SET IDENTITY_INSERT users ON;
INSERT INTO users (user_id, full_name, email, location, region, registration_date) VALUES
(1, 'John Smith', 'john.smith@email.com', 'NYC', 'North America', '2023-01-15'),
(2, 'Jane Doe', 'jane.doe@email.com', 'London', 'UK', '2023-02-20'),
(3, 'Bob Johnson', 'bob.johnson@email.com', 'Toronto', 'Canada', '2023-03-10'),
(4, 'Alice Brown', 'alice.brown@email.com', 'Sydney', 'Australia', '2023-04-05'),
(5, 'Charlie Wilson', 'charlie.wilson@email.com', 'Berlin', 'Germany', '2023-05-12'),
(6, 'Diana Davis', 'diana.davis@email.com', 'Paris', 'France', '2023-06-18'),
(7, 'Frank Miller', 'frank.miller@email.com', 'Tokyo', 'Japan', '2023-07-22'),
(8, 'Grace Lee', 'grace.lee@email.com', 'Seoul', 'South Korea', '2023-08-30'),
(9, 'Henry Taylor', 'henry.taylor@email.com', 'Madrid', 'Spain', '2023-09-14'),
(10, 'Ivy Chen', 'ivy.chen@email.com', 'Singapore', 'Singapore', '2023-10-25');
SET IDENTITY_INSERT users OFF;
SET IDENTITY_INSERT orders ON;
INSERT INTO orders (order_id, user_id, item_id, total_amount, item_count, order_status, order_date) VALUES
(1, 1, 1, 4800.00, 4, 'completed', '2024-01-01 16:40:00'),
(2, 2, 2, 183.96, 4, 'completed', '2024-01-01 14:49:00'),
(3, 3, 3, 100.00, 4, 'completed', '2024-01-01 10:34:00'),
(4, 4, 4, 179.98, 2, 'completed', '2024-01-01 15:50:00'),
(5, 5, 5, 699.99, 1, 'completed', '2024-01-01 11:16:00'),
(6, 6, 6, 52.82, 2, 'completed', '2024-01-01 12:49:00'),
(7, 7, 7, 65.00, 1, 'completed', '2024-01-01 12:30:00'),
(8, 8, 8, 177.50, 5, 'completed', '2024-01-01 10:26:00'),
(9, 9, 1, 6000.00, 5, 'completed', '2024-01-01 13:50:00'),
(10, 10, 2, 183.96, 4, 'completed', '2024-01-01 09:41:00'),
(11, 1, 3, 50.00, 2, 'completed', '2024-01-02 12:24:00'),
(12, 2, 4, 269.97, 3, 'cancelled', '2024-01-02 11:07:00'),
(13, 3, 5, 2799.96, 4, 'completed', '2024-01-02 11:25:00'),
(14, 4, 6, 31.98, 2, 'completed', '2024-01-02 13:50:00'),
(15, 5, 7, 259.99, 4, 'completed', '2024-01-02 13:26:00'),
(16, 6, 8, 106.50, 3, 'completed', '2024-01-02 12:57:00'),
(17, 7, 1, 2400.00, 2, 'completed', '2024-01-02 13:00:00'),
(18, 8, 2, 183.96, 4, 'completed', '2024-01-02 15:41:00'),
(19, 9, 3, 50.01, 2, 'completed', '2024-01-02 12:11:00'),
(20, 10, 4, 269.98, 3, 'completed', '2024-01-02 13:41:00'),
(21, 1, 5, 699.99, 1, 'cancelled', '2024-01-03 12:48:00'),
(22, 2, 6, 31.98, 2, 'pending', '2024-01-03 12:25:00'),
(23, 3, 7, 65.00, 1, 'completed', '2024-01-03 15:47:00'),
(24, 4, 8, 177.50, 5, 'completed', '2024-01-03 11:00:00'),
(25, 5, 1, 2400.00, 2, 'completed', '2024-01-03 14:40:00'),
(26, 6, 2, 137.98, 3, 'completed', '2024-01-03 14:07:00'),
(27, 7, 3, 75.00, 3, 'completed', '2024-01-03 12:19:00'),
(28, 8, 4, 359.96, 4, 'completed', '2024-01-03 10:19:00'),
(29, 9, 5, 699.99, 1, 'completed', '2024-01-03 14:31:00'),
(30, 10, 6, 79.95, 5, 'completed', '2024-01-03 12:28:00'),
(31, 1, 7, 65.00, 1, 'cancelled', '2024-01-04 13:23:00'),
(32, 2, 8, 35.50, 1, 'completed', '2024-01-04 09:46:00'),
(33, 3, 1, 4800.00, 4, 'completed', '2024-01-04 10:28:00'),
(34, 4, 2, 229.95, 5, 'completed', '2024-01-04 16:21:00'),
(35, 5, 3, 125.00, 5, 'completed', '2024-01-04 13:58:00'),
(36, 6, 4, 179.98, 2, 'completed', '2024-01-04 15:17:00'),
(37, 7, 5, 2099.97, 3, 'completed', '2024-01-04 14:41:00'),
(38, 8, 6, 31.98, 2, 'completed', '2024-01-04 09:07:00'),
(39, 9, 7, 195.00, 3, 'completed', '2024-01-04 14:37:00'),
(40, 10, 8, 106.50, 3, 'completed', '2024-01-04 12:35:00'),
(41, 1, 1, 4245.39, 2, 'completed', '2024-01-05 12:53:00'),
(42, 2, 2, 91.98, 2, 'completed', '2024-01-05 12:56:00'),
(43, 3, 3, 125.00, 5, 'completed', '2024-01-05 12:10:00'),
(44, 4, 4, 449.95, 5, 'completed', '2024-01-05 14:59:00'),
(45, 5, 5, 2799.96, 4, 'completed', '2024-01-05 16:18:00'),
(46, 6, 6, 63.96, 4, 'completed', '2024-01-05 13:05:00'),
(47, 7, 7, 324.99, 5, 'completed', '2024-01-05 14:17:00'),
(48, 8, 8, 177.51, 5, 'completed', '2024-01-05 13:53:00'),
(49, 9, 1, 2400.00, 2, 'completed', '2024-01-05 16:47:00'),
(50, 10, 2, 91.98, 2, 'completed', '2024-01-05 15:41:00'),
(51, 1, 3, 100.00, 4, 'completed', '2024-01-06 15:45:00'),
(52, 2, 4, 179.98, 2, 'completed', '2024-01-06 10:20:00'),
(53, 3, 5, 2099.97, 3, 'completed', '2024-01-06 11:37:00'),
(54, 4, 6, 79.95, 5, 'pending', '2024-01-06 11:46:00'),
(55, 5, 7, 195.00, 3, 'completed', '2024-01-06 09:48:00'),
(56, 6, 8, 106.50, 3, 'completed', '2024-01-06 11:07:00'),
(57, 7, 1, 3600.00, 3, 'completed', '2024-01-06 12:02:00'),
(58, 8, 2, 229.96, 5, 'completed', '2024-01-06 10:11:00'),
(59, 9, 3, 100.00, 4, 'cancelled', '2024-01-06 16:40:00'),
(60, 10, 4, 269.97, 3, 'completed', '2024-01-06 13:42:00'),
(61, 1, 5, 2799.96, 4, 'completed', '2024-01-07 09:09:00'),
(62, 2, 6, 79.95, 5, 'completed', '2024-01-07 09:06:00'),
(63, 3, 7, 325.00, 5, 'completed', '2024-01-07 16:47:00'),
(64, 4, 8, 142.01, 4, 'completed', '2024-01-07 14:40:00'),
(65, 5, 1, 1200.00, 1, 'completed', '2024-01-07 14:29:00'),
(66, 6, 2, 229.95, 5, 'pending', '2024-01-07 14:07:00'),
(67, 7, 3, 25.00, 1, 'cancelled', '2024-01-07 09:55:00'),
(68, 8, 4, 269.98, 3, 'completed', '2024-01-07 15:46:00'),
(69, 9, 5, 1399.98, 2, 'completed', '2024-01-07 09:01:00'),
(70, 10, 6, 79.95, 5, 'completed', '2024-01-07 14:15:00'),
(71, 1, 7, 65.00, 1, 'completed', '2024-01-08 13:39:00'),
(72, 2, 8, 35.50, 1, 'completed', '2024-01-08 09:10:00'),
(73, 3, 1, 1200.00, 1, 'completed', '2024-01-08 09:29:00'),
(74, 4, 2, 229.95, 5, 'completed', '2024-01-08 14:24:00'),
(75, 5, 3, 25.00, 1, 'completed', '2024-01-08 14:49:00'),
(76, 6, 4, 359.96, 4, 'completed', '2024-01-08 10:46:00'),
(77, 7, 5, 699.99, 1, 'completed', '2024-01-08 12:25:00'),
(78, 8, 6, 47.97, 3, 'pending', '2024-01-08 16:04:00'),
(79, 9, 7, 295.12, 3, 'completed', '2024-01-08 09:13:00'),
(80, 10, 8, 177.50, 5, 'completed', '2024-01-08 16:18:00'),
(81, 1, 1, 1200.00, 1, 'completed', '2024-01-09 12:27:00'),
(82, 2, 2, 137.97, 3, 'completed', '2024-01-09 09:33:00'),
(83, 3, 3, 125.01, 5, 'completed', '2024-01-09 11:28:00'),
(84, 4, 4, 89.99, 1, 'completed', '2024-01-09 12:48:00'),
(85, 5, 5, 2099.97, 3, 'completed', '2024-01-09 16:29:00'),
(86, 6, 6, 31.98, 2, 'completed', '2024-01-09 13:55:00'),
(87, 7, 7, 325.00, 5, 'pending', '2024-01-09 14:17:00'),
(88, 8, 8, 106.50, 3, 'completed', '2024-01-09 11:04:00'),
(89, 9, 1, 1200.00, 1, 'completed', '2024-01-09 09:45:00'),
(90, 10, 2, 91.98, 2, 'pending', '2024-01-09 12:13:00'),
(91, 1, 3, 75.00, 3, 'completed', '2024-01-10 14:28:00'),
(92, 2, 4, 359.96, 4, 'completed', '2024-01-10 16:45:00'),
(93, 3, 5, 1399.97, 2, 'completed', '2024-01-10 13:15:00'),
(94, 4, 6, 47.97, 3, 'completed', '2024-01-10 13:47:00'),
(95, 5, 7, 325.00, 5, 'completed', '2024-01-10 13:02:00'),
(96, 6, 8, 177.50, 5, 'pending', '2024-01-10 12:23:00'),
(97, 7, 1, 1200.00, 1, 'completed', '2024-01-10 13:47:00'),
(98, 8, 2, 137.97, 3, 'completed', '2024-01-10 09:35:00'),
(99, 9, 3, 25.00, 1, 'completed', '2024-01-10 09:08:00'),
(100, 10, 4, 347.59, 2, 'completed', '2024-01-10 12:52:00'),
(101, 1, 5, 699.99, 1, 'completed', '2024-01-11 12:18:00'),
(102, 2, 6, 63.96, 4, 'pending', '2024-01-11 10:37:00'),
(103, 3, 7, 195.00, 3, 'pending', '2024-01-11 11:18:00'),
(104, 4, 8, 177.50, 5, 'completed', '2024-01-11 13:48:00'),
(105, 5, 1, 6000.01, 5, 'completed', '2024-01-11 10:48:00'),
(106, 6, 2, 46.00, 1, 'completed', '2024-01-11 10:34:00'),
(107, 7, 3, 114.83, 3, 'completed', '2024-01-11 15:17:00'),
(108, 8, 4, 449.96, 5, 'completed', '2024-01-11 14:01:00'),
(109, 9, 5, 5521.13, 5, 'completed', '2024-01-11 10:09:00'),
(110, 10, 6, 15.99, 1, 'completed', '2024-01-11 11:42:00'),
(111, 1, 7, 130.00, 2, 'completed', '2024-01-12 13:25:00'),
(112, 2, 8, 106.50, 3, 'completed', '2024-01-12 11:56:00'),
(113, 3, 1, 4800.00, 4, 'completed', '2024-01-12 14:49:00'),
(114, 4, 2, 137.96, 3, 'completed', '2024-01-12 11:29:00'),
(115, 5, 3, 187.97, 5, 'completed', '2024-01-12 14:28:00'),
(116, 6, 4, 527.76, 3, 'completed', '2024-01-12 09:57:00'),
(117, 7, 5, 700.00, 1, 'completed', '2024-01-12 16:39:00'),
(118, 8, 6, 31.98, 2, 'completed', '2024-01-12 14:42:00'),
(119, 9, 7, 260.00, 4, 'completed', '2024-01-12 14:57:00'),
(120, 10, 8, 142.00, 4, 'completed', '2024-01-12 16:53:00'),
(121, 1, 1, 4800.00, 4, 'completed', '2024-01-13 16:38:00'),
(122, 2, 2, 137.97, 3, 'completed', '2024-01-13 14:54:00'),
(123, 3, 3, 125.00, 5, 'completed', '2024-01-13 14:03:00'),
(124, 4, 4, 179.98, 2, 'completed', '2024-01-13 12:05:00'),
(125, 5, 5, 2099.97, 3, 'completed', '2024-01-13 10:31:00'),
(126, 6, 6, 79.95, 5, 'completed', '2024-01-13 15:06:00'),
(127, 7, 7, 485.83, 4, 'completed', '2024-01-13 11:20:00'),
(128, 8, 8, 71.00, 2, 'completed', '2024-01-13 15:06:00'),
(129, 9, 1, 6000.00, 5, 'completed', '2024-01-13 14:32:00'),
(130, 10, 2, 183.96, 4, 'completed', '2024-01-13 16:22:00'),
(131, 1, 3, 50.00, 2, 'completed', '2024-01-14 10:47:00'),
(132, 2, 4, 179.98, 2, 'completed', '2024-01-14 14:16:00'),
(133, 3, 5, 2799.96, 4, 'completed', '2024-01-14 10:38:00'),
(134, 4, 6, 47.97, 3, 'pending', '2024-01-14 16:43:00'),
(135, 5, 7, 260.00, 4, 'completed', '2024-01-14 15:52:00'),
(136, 6, 8, 142.00, 4, 'completed', '2024-01-14 14:45:00'),
(137, 7, 1, 6000.00, 5, 'pending', '2024-01-14 12:29:00'),
(138, 8, 2, 45.99, 1, 'completed', '2024-01-14 09:47:00'),
(139, 9, 3, 49.99, 2, 'completed', '2024-01-14 13:23:00'),
(140, 10, 4, 89.99, 1, 'completed', '2024-01-14 09:13:00'),
(141, 1, 5, 2099.97, 3, 'completed', '2024-01-15 14:32:00'),
(142, 2, 6, 15.99, 1, 'completed', '2024-01-15 13:29:00'),
(143, 3, 7, 130.00, 2, 'completed', '2024-01-15 13:53:00'),
(144, 4, 8, 35.50, 1, 'completed', '2024-01-15 13:33:00'),
(145, 5, 1, 1200.00, 1, 'pending', '2024-01-15 16:04:00'),
(146, 6, 2, 91.98, 2, 'completed', '2024-01-15 09:19:00'),
(147, 7, 3, 100.00, 4, 'completed', '2024-01-15 15:10:00'),
(148, 8, 4, 359.96, 4, 'cancelled', '2024-01-15 13:01:00'),
(149, 9, 5, 2099.97, 3, 'completed', '2024-01-15 14:08:00'),
(150, 10, 6, 15.99, 1, 'completed', '2024-01-15 10:34:00'),
(151, 1, 7, 260.00, 4, 'completed', '2024-01-16 14:53:00'),
(152, 2, 8, 106.50, 3, 'completed', '2024-01-16 09:00:00'),
(153, 3, 1, 1200.00, 1, 'completed', '2024-01-16 14:00:00'),
(154, 4, 2, 45.99, 1, 'completed', '2024-01-16 13:25:00'),
(155, 5, 3, 100.00, 4, 'pending', '2024-01-16 10:04:00'),
(156, 6, 4, 359.96, 4, 'completed', '2024-01-16 09:47:00'),
(157, 7, 5, 3499.95, 5, 'completed', '2024-01-16 09:17:00'),
(158, 8, 6, 79.95, 5, 'completed', '2024-01-16 12:38:00'),
(159, 9, 7, 325.00, 5, 'completed', '2024-01-16 12:32:00'),
(160, 10, 8, 71.00, 2, 'completed', '2024-01-16 12:02:00'),
(161, 1, 1, 4800.00, 4, 'pending', '2024-01-17 16:23:00'),
(162, 2, 2, 91.98, 2, 'completed', '2024-01-17 13:22:00'),
(163, 3, 3, 100.00, 4, 'completed', '2024-01-17 15:12:00'),
(164, 4, 4, 89.99, 1, 'completed', '2024-01-17 11:56:00'),
(165, 5, 5, 2799.96, 4, 'cancelled', '2024-01-17 10:46:00'),
(166, 6, 6, 79.95, 5, 'completed', '2024-01-17 10:39:00'),
(167, 7, 7, 195.00, 3, 'completed', '2024-01-17 09:35:00'),
(168, 8, 8, 177.50, 5, 'completed', '2024-01-17 16:17:00'),
(169, 9, 1, 2400.00, 2, 'pending', '2024-01-17 15:07:00'),
(170, 10, 2, 183.97, 4, 'completed', '2024-01-17 13:23:00'),
(171, 1, 3, 25.00, 1, 'completed', '2024-01-18 10:06:00'),
(172, 2, 4, 269.97, 3, 'completed', '2024-01-18 15:16:00'),
(173, 3, 5, 2799.96, 4, 'completed', '2024-01-18 09:16:00'),
(174, 4, 6, 47.97, 3, 'completed', '2024-01-18 10:51:00'),
(175, 5, 7, 65.00, 1, 'completed', '2024-01-18 14:25:00'),
(176, 6, 8, 140.75, 2, 'completed', '2024-01-18 16:35:00'),
(177, 7, 1, 6000.01, 5, 'completed', '2024-01-18 15:03:00'),
(178, 8, 2, 137.97, 3, 'completed', '2024-01-18 09:34:00'),
(179, 9, 3, 50.00, 2, 'pending', '2024-01-18 13:42:00'),
(180, 10, 4, 449.95, 5, 'cancelled', '2024-01-18 12:37:00'),
(181, 1, 5, 3456.97, 3, 'completed', '2024-01-19 10:23:00'),
(182, 2, 6, 63.96, 4, 'completed', '2024-01-19 10:58:00'),
(183, 3, 7, 324.99, 5, 'completed', '2024-01-19 15:56:00'),
(184, 4, 8, 35.50, 1, 'completed', '2024-01-19 13:22:00'),
(185, 5, 1, 3600.00, 3, 'completed', '2024-01-19 09:12:00'),
(186, 6, 2, 229.95, 5, 'completed', '2024-01-19 13:40:00'),
(187, 7, 3, 100.00, 4, 'completed', '2024-01-19 14:03:00'),
(188, 8, 4, 359.96, 4, 'completed', '2024-01-19 12:54:00'),
(189, 9, 5, 2799.96, 4, 'completed', '2024-01-19 09:12:00'),
(190, 10, 6, 31.98, 2, 'completed', '2024-01-19 09:36:00'),
(191, 1, 7, 65.00, 1, 'completed', '2024-01-20 15:29:00'),
(192, 2, 8, 71.00, 2, 'completed', '2024-01-20 14:31:00'),
(193, 3, 1, 3600.00, 3, 'completed', '2024-01-20 15:35:00'),
(194, 4, 2, 137.97, 3, 'completed', '2024-01-20 16:21:00'),
(195, 5, 3, 76.08, 2, 'completed', '2024-01-20 11:47:00'),
(196, 6, 4, 269.97, 3, 'completed', '2024-01-20 13:49:00'),
(197, 7, 5, 2799.96, 4, 'completed', '2024-01-20 13:46:00'),
(198, 8, 6, 31.98, 2, 'completed', '2024-01-20 11:54:00'),
(199, 9, 7, 195.00, 3, 'pending', '2024-01-20 16:19:00'),
(200, 10, 8, 35.50, 1, 'completed', '2024-01-20 15:54:00'),
(201, 1, 1, 3600.00, 3, 'completed', '2024-01-21 16:35:00'),
(202, 2, 2, 183.96, 4, 'completed', '2024-01-21 15:27:00'),
(203, 3, 3, 100.00, 4, 'completed', '2024-01-21 09:05:00'),
(204, 4, 4, 179.98, 2, 'completed', '2024-01-21 15:02:00'),
(205, 5, 5, 3499.95, 5, 'completed', '2024-01-21 09:31:00'),
(206, 6, 6, 15.99, 1, 'completed', '2024-01-21 10:35:00'),
(207, 7, 7, 325.00, 5, 'completed', '2024-01-21 14:04:00'),
(208, 8, 8, 106.50, 3, 'pending', '2024-01-21 14:04:00'),
(209, 9, 1, 3600.00, 3, 'completed', '2024-01-21 10:21:00'),
(210, 10, 2, 183.96, 4, 'pending', '2024-01-21 16:53:00'),
(211, 1, 3, 75.00, 3, 'completed', '2024-01-22 12:32:00'),
(212, 2, 4, 449.95, 5, 'completed', '2024-01-22 11:10:00'),
(213, 3, 5, 699.99, 1, 'completed', '2024-01-22 11:43:00'),
(214, 4, 6, 79.95, 5, 'completed', '2024-01-22 12:48:00'),
(215, 5, 7, 325.00, 5, 'completed', '2024-01-22 12:11:00'),
(216, 6, 8, 106.51, 3, 'completed', '2024-01-22 13:22:00'),
(217, 7, 1, 2400.00, 2, 'completed', '2024-01-22 16:47:00'),
(218, 8, 2, 137.97, 3, 'completed', '2024-01-22 12:09:00'),
(219, 9, 3, 125.00, 5, 'pending', '2024-01-22 16:54:00'),
(220, 10, 4, 324.93, 2, 'completed', '2024-01-22 11:05:00'),
(221, 1, 5, 1399.98, 2, 'cancelled', '2024-01-23 13:08:00'),
(222, 2, 6, 60.51, 2, 'completed', '2024-01-23 11:01:00'),
(223, 3, 7, 195.00, 3, 'completed', '2024-01-23 16:44:00'),
(224, 4, 8, 106.50, 3, 'completed', '2024-01-23 09:04:00'),
(225, 5, 1, 1200.00, 1, 'completed', '2024-01-23 10:40:00'),
(226, 6, 2, 46.00, 1, 'completed', '2024-01-23 15:37:00'),
(227, 7, 3, 25.00, 1, 'completed', '2024-01-23 16:41:00'),
(228, 8, 4, 359.96, 4, 'completed', '2024-01-23 09:32:00'),
(229, 9, 5, 2099.97, 3, 'completed', '2024-01-23 10:15:00'),
(230, 10, 6, 47.97, 3, 'completed', '2024-01-23 09:08:00'),
(231, 1, 7, 195.00, 3, 'completed', '2024-01-24 09:54:00'),
(232, 2, 8, 177.50, 5, 'completed', '2024-01-24 09:30:00'),
(233, 3, 1, 2400.00, 2, 'pending', '2024-01-24 16:15:00'),
(234, 4, 2, 137.96, 3, 'completed', '2024-01-24 16:15:00'),
(235, 5, 3, 100.01, 4, 'completed', '2024-01-24 16:10:00'),
(236, 6, 4, 269.97, 3, 'completed', '2024-01-24 11:46:00'),
(237, 7, 5, 2799.96, 4, 'completed', '2024-01-24 10:27:00'),
(238, 8, 6, 28.83, 1, 'completed', '2024-01-24 11:49:00'),
(239, 9, 7, 65.00, 1, 'completed', '2024-01-24 16:46:00'),
(240, 10, 8, 177.50, 5, 'completed', '2024-01-24 10:02:00'),
(241, 1, 1, 1200.00, 1, 'completed', '2024-01-25 10:32:00'),
(242, 2, 2, 45.99, 1, 'pending', '2024-01-25 14:49:00'),
(243, 3, 3, 71.27, 2, 'completed', '2024-01-25 15:08:00'),
(244, 4, 4, 89.98, 1, 'completed', '2024-01-25 14:21:00'),
(245, 5, 5, 699.99, 1, 'cancelled', '2024-01-25 10:01:00'),
(246, 6, 6, 137.35, 5, 'completed', '2024-01-25 12:26:00'),
(247, 7, 7, 195.00, 3, 'pending', '2024-01-25 10:28:00'),
(248, 8, 8, 71.00, 2, 'completed', '2024-01-25 12:29:00'),
(249, 9, 1, 1200.00, 1, 'completed', '2024-01-25 10:50:00'),
(250, 10, 2, 46.00, 1, 'completed', '2024-01-25 10:49:00'),
(251, 1, 3, 49.99, 2, 'completed', '2024-01-26 09:45:00'),
(252, 2, 4, 449.95, 5, 'completed', '2024-01-26 15:25:00'),
(253, 3, 5, 699.99, 1, 'completed', '2024-01-26 15:43:00'),
(254, 4, 6, 15.99, 1, 'cancelled', '2024-01-26 16:58:00'),
(255, 5, 7, 473.30, 4, 'completed', '2024-01-26 11:18:00'),
(256, 6, 8, 177.50, 5, 'completed', '2024-01-26 10:27:00'),
(257, 7, 1, 3600.00, 3, 'completed', '2024-01-26 09:41:00'),
(258, 8, 2, 91.98, 2, 'completed', '2024-01-26 09:37:00'),
(259, 9, 3, 75.00, 3, 'completed', '2024-01-26 09:24:00'),
(260, 10, 4, 179.99, 2, 'completed', '2024-01-26 10:09:00'),
(261, 1, 5, 2799.96, 4, 'completed', '2024-01-27 11:07:00'),
(262, 2, 6, 79.95, 5, 'completed', '2024-01-27 16:10:00'),
(263, 3, 7, 280.08, 3, 'completed', '2024-01-27 15:04:00'),
(264, 4, 8, 35.50, 1, 'completed', '2024-01-27 12:25:00'),
(265, 5, 1, 1200.00, 1, 'pending', '2024-01-27 14:51:00'),
(266, 6, 2, 91.98, 2, 'pending', '2024-01-27 14:14:00'),
(267, 7, 3, 100.00, 4, 'completed', '2024-01-27 14:51:00'),
(268, 8, 4, 179.98, 2, 'completed', '2024-01-27 15:53:00'),
(269, 9, 5, 2799.96, 4, 'completed', '2024-01-27 12:41:00'),
(270, 10, 6, 15.99, 1, 'completed', '2024-01-27 15:37:00'),
(271, 1, 7, 260.00, 4, 'completed', '2024-01-28 12:20:00'),
(272, 2, 8, 177.51, 5, 'completed', '2024-01-28 15:17:00'),
(273, 3, 1, 4800.01, 4, 'completed', '2024-01-28 12:14:00'),
(274, 4, 2, 91.98, 2, 'pending', '2024-01-28 13:44:00'),
(275, 5, 3, 25.01, 1, 'completed', '2024-01-28 11:51:00'),
(276, 6, 4, 89.99, 1, 'completed', '2024-01-28 14:21:00'),
(277, 7, 5, 2799.96, 4, 'completed', '2024-01-28 09:18:00'),
(278, 8, 6, 15.99, 1, 'completed', '2024-01-28 11:43:00'),
(279, 9, 7, 325.01, 5, 'completed', '2024-01-28 09:30:00'),
(280, 10, 8, 177.50, 5, 'completed', '2024-01-28 09:40:00'),
(281, 1, 1, 4800.00, 4, 'completed', '2024-01-29 15:54:00'),
(282, 2, 2, 229.95, 5, 'completed', '2024-01-29 14:32:00'),
(283, 3, 3, 75.00, 3, 'completed', '2024-01-29 13:15:00'),
(284, 4, 4, 269.97, 3, 'completed', '2024-01-29 12:17:00'),
(285, 5, 5, 3499.95, 5, 'completed', '2024-01-29 15:47:00'),
(286, 6, 6, 63.96, 4, 'pending', '2024-01-29 09:10:00'),
(287, 7, 7, 130.00, 2, 'completed', '2024-01-29 11:08:00'),
(288, 8, 8, 142.00, 4, 'completed', '2024-01-29 10:22:00'),
(289, 9, 1, 6000.00, 5, 'completed', '2024-01-29 13:19:00'),
(290, 10, 2, 183.96, 4, 'completed', '2024-01-29 09:45:00'),
(291, 1, 3, 49.99, 2, 'completed', '2024-01-30 14:23:00'),
(292, 2, 4, 179.98, 2, 'completed', '2024-01-30 15:16:00'),
(293, 3, 5, 2099.97, 3, 'pending', '2024-01-30 11:23:00'),
(294, 4, 6, 63.96, 4, 'completed', '2024-01-30 12:06:00'),
(295, 5, 7, 65.00, 1, 'completed', '2024-01-30 15:12:00'),
(296, 6, 8, 106.50, 3, 'cancelled', '2024-01-30 09:55:00'),
(297, 7, 1, 3812.31, 2, 'completed', '2024-01-30 15:09:00'),
(298, 8, 2, 183.96, 4, 'completed', '2024-01-30 11:44:00'),
(299, 9, 3, 25.00, 1, 'completed', '2024-01-30 09:08:00'),
(300, 10, 4, 449.95, 5, 'completed', '2024-01-30 11:07:00'),
(301, 1, 5, 3499.95, 5, 'completed', '2024-01-31 14:06:00'),
(302, 2, 6, 79.95, 5, 'completed', '2024-01-31 15:21:00'),
(303, 3, 7, 65.01, 1, 'completed', '2024-01-31 09:34:00'),
(304, 4, 8, 71.00, 2, 'completed', '2024-01-31 16:27:00'),
(305, 5, 1, 3600.00, 3, 'completed', '2024-01-31 15:56:00'),
(306, 6, 2, 45.99, 1, 'completed', '2024-01-31 10:08:00'),
(307, 7, 3, 71.18, 2, 'completed', '2024-01-31 10:41:00'),
(308, 8, 4, 506.69, 4, 'completed', '2024-01-31 15:59:00'),
(309, 9, 5, 2099.97, 3, 'completed', '2024-01-31 16:39:00'),
(310, 10, 6, 15.99, 1, 'completed', '2024-01-31 15:26:00'),
(311, 1, 7, 109.15, 1, 'completed', '2024-02-01 11:27:00'),
(312, 2, 8, 177.50, 5, 'completed', '2024-02-01 14:40:00'),
(313, 3, 1, 1200.00, 1, 'completed', '2024-02-01 15:58:00'),
(314, 4, 2, 183.96, 4, 'cancelled', '2024-02-01 11:01:00'),
(315, 5, 3, 124.99, 5, 'completed', '2024-02-01 14:10:00'),
(316, 6, 4, 608.60, 4, 'completed', '2024-02-01 10:26:00'),
(317, 7, 5, 1399.98, 2, 'completed', '2024-02-01 10:14:00'),
(318, 8, 6, 16.00, 1, 'completed', '2024-02-01 09:39:00'),
(319, 9, 7, 65.00, 1, 'cancelled', '2024-02-01 16:47:00'),
(320, 10, 8, 35.50, 1, 'completed', '2024-02-01 12:50:00'),
(321, 1, 1, 1200.00, 1, 'completed', '2024-02-02 16:20:00'),
(322, 2, 2, 45.99, 1, 'completed', '2024-02-02 14:20:00'),
(323, 3, 3, 25.00, 1, 'completed', '2024-02-02 15:31:00'),
(324, 4, 4, 89.99, 1, 'completed', '2024-02-02 09:52:00'),
(325, 5, 5, 699.99, 1, 'completed', '2024-02-02 11:09:00'),
(326, 6, 6, 31.99, 2, 'completed', '2024-02-02 14:55:00'),
(327, 7, 7, 65.01, 1, 'completed', '2024-02-02 13:56:00'),
(328, 8, 8, 106.50, 3, 'pending', '2024-02-02 15:57:00'),
(329, 9, 1, 1200.00, 1, 'completed', '2024-02-02 12:22:00'),
(330, 10, 2, 137.97, 3, 'completed', '2024-02-02 09:49:00'),
(331, 1, 3, 74.51, 2, 'completed', '2024-02-03 14:42:00'),
(332, 2, 4, 282.64, 2, 'completed', '2024-02-03 16:20:00'),
(333, 3, 5, 700.00, 1, 'completed', '2024-02-03 13:08:00'),
(334, 4, 6, 15.99, 1, 'completed', '2024-02-03 09:26:00'),
(335, 5, 7, 325.00, 5, 'completed', '2024-02-03 13:01:00'),
(336, 6, 8, 255.86, 4, 'completed', '2024-02-03 11:02:00'),
(337, 7, 1, 6000.00, 5, 'completed', '2024-02-03 09:15:00'),
(338, 8, 2, 183.96, 4, 'completed', '2024-02-03 16:51:00'),
(339, 9, 3, 35.40, 1, 'completed', '2024-02-03 11:02:00'),
(340, 10, 4, 269.97, 3, 'completed', '2024-02-03 10:31:00'),
(341, 1, 5, 1399.98, 2, 'completed', '2024-02-04 12:53:00'),
(342, 2, 6, 31.98, 2, 'completed', '2024-02-04 14:50:00'),
(343, 3, 7, 195.00, 3, 'completed', '2024-02-04 11:11:00'),
(344, 4, 8, 35.50, 1, 'completed', '2024-02-04 11:04:00'),
(345, 5, 1, 3600.00, 3, 'completed', '2024-02-04 13:25:00'),
(346, 6, 2, 45.99, 1, 'completed', '2024-02-04 11:18:00'),
(347, 7, 3, 151.80, 4, 'completed', '2024-02-04 11:44:00'),
(348, 8, 4, 179.98, 2, 'completed', '2024-02-04 13:43:00'),
(349, 9, 5, 3499.95, 5, 'completed', '2024-02-04 11:55:00'),
(350, 10, 6, 79.95, 5, 'completed', '2024-02-04 13:51:00'),
(351, 1, 7, 195.00, 3, 'completed', '2024-02-05 11:34:00'),
(352, 2, 8, 270.21, 5, 'completed', '2024-02-05 14:39:00'),
(353, 3, 1, 6000.00, 5, 'completed', '2024-02-05 13:34:00'),
(354, 4, 2, 137.98, 3, 'completed', '2024-02-05 09:06:00'),
(355, 5, 3, 100.00, 4, 'completed', '2024-02-05 13:33:00'),
(356, 6, 4, 89.99, 1, 'completed', '2024-02-05 11:50:00'),
(357, 7, 5, 2799.97, 4, 'completed', '2024-02-05 15:28:00'),
(358, 8, 6, 47.97, 3, 'completed', '2024-02-05 12:54:00'),
(359, 9, 7, 260.00, 4, 'completed', '2024-02-05 11:24:00'),
(360, 10, 8, 177.50, 5, 'pending', '2024-02-05 16:48:00'),
(361, 1, 1, 1200.00, 1, 'completed', '2024-02-06 15:04:00'),
(362, 2, 2, 183.96, 4, 'completed', '2024-02-06 16:45:00'),
(363, 3, 3, 100.00, 4, 'completed', '2024-02-06 09:01:00'),
(364, 4, 4, 449.95, 5, 'completed', '2024-02-06 13:01:00'),
(365, 5, 5, 2799.96, 4, 'completed', '2024-02-06 10:41:00'),
(366, 6, 6, 47.97, 3, 'completed', '2024-02-06 09:07:00'),
(367, 7, 7, 260.00, 4, 'completed', '2024-02-06 12:30:00'),
(368, 8, 8, 71.01, 2, 'completed', '2024-02-06 09:38:00'),
(369, 9, 1, 3600.00, 3, 'completed', '2024-02-06 11:09:00'),
(370, 10, 2, 229.95, 5, 'pending', '2024-02-06 10:35:00'),
(371, 1, 3, 25.00, 1, 'completed', '2024-02-07 16:38:00'),
(372, 2, 4, 179.98, 2, 'completed', '2024-02-07 12:34:00'),
(373, 3, 5, 3499.95, 5, 'completed', '2024-02-07 16:37:00'),
(374, 4, 6, 15.99, 1, 'completed', '2024-02-07 12:50:00'),
(375, 5, 7, 260.00, 4, 'completed', '2024-02-07 11:32:00'),
(376, 6, 8, 71.00, 2, 'pending', '2024-02-07 16:05:00'),
(377, 7, 1, 1200.00, 1, 'cancelled', '2024-02-07 09:40:00'),
(378, 8, 2, 183.96, 4, 'completed', '2024-02-07 13:09:00'),
(379, 9, 3, 75.00, 3, 'completed', '2024-02-07 16:42:00'),
(380, 10, 4, 90.00, 1, 'completed', '2024-02-07 16:00:00'),
(381, 1, 5, 699.99, 1, 'completed', '2024-02-08 13:53:00'),
(382, 2, 6, 79.95, 5, 'completed', '2024-02-08 14:32:00'),
(383, 3, 7, 195.00, 3, 'completed', '2024-02-08 14:34:00'),
(384, 4, 8, 142.00, 4, 'completed', '2024-02-08 15:11:00'),
(385, 5, 1, 3600.00, 3, 'completed', '2024-02-08 11:36:00'),
(386, 6, 2, 45.99, 1, 'pending', '2024-02-08 13:46:00'),
(387, 7, 3, 75.00, 3, 'completed', '2024-02-08 11:05:00'),
(388, 8, 4, 269.97, 3, 'completed', '2024-02-08 10:15:00'),
(389, 9, 5, 699.99, 1, 'cancelled', '2024-02-08 09:15:00'),
(390, 10, 6, 63.96, 4, 'completed', '2024-02-08 15:30:00'),
(391, 1, 7, 65.00, 1, 'completed', '2024-02-09 11:52:00'),
(392, 2, 8, 35.50, 1, 'completed', '2024-02-09 14:02:00'),
(393, 3, 1, 1200.00, 1, 'completed', '2024-02-09 12:21:00'),
(394, 4, 2, 310.23, 4, 'completed', '2024-02-09 11:44:00'),
(395, 5, 3, 25.00, 1, 'completed', '2024-02-09 12:49:00'),
(396, 6, 4, 89.99, 1, 'cancelled', '2024-02-09 16:04:00'),
(397, 7, 5, 3499.95, 5, 'completed', '2024-02-09 09:58:00'),
(398, 8, 6, 63.97, 4, 'completed', '2024-02-09 10:42:00'),
(399, 9, 7, 518.67, 4, 'completed', '2024-02-09 14:42:00'),
(400, 10, 8, 106.50, 3, 'completed', '2024-02-09 11:06:00'),
(401, 1, 1, 4800.00, 4, 'completed', '2024-02-10 10:05:00'),
(402, 2, 2, 91.97, 2, 'completed', '2024-02-10 13:15:00'),
(403, 3, 3, 50.00, 2, 'completed', '2024-02-10 13:00:00'),
(404, 4, 4, 89.99, 1, 'completed', '2024-02-10 10:15:00'),
(405, 5, 5, 3499.95, 5, 'completed', '2024-02-10 09:27:00'),
(406, 6, 6, 47.98, 3, 'completed', '2024-02-10 16:34:00'),
(407, 7, 7, 260.00, 4, 'completed', '2024-02-10 12:51:00'),
(408, 8, 8, 35.50, 1, 'completed', '2024-02-10 16:44:00'),
(409, 9, 1, 4800.01, 4, 'completed', '2024-02-10 11:41:00'),
(410, 10, 2, 45.99, 1, 'completed', '2024-02-10 10:29:00'),
(411, 1, 3, 100.01, 4, 'completed', '2024-02-11 14:46:00'),
(412, 2, 4, 449.94, 5, 'completed', '2024-02-11 09:13:00'),
(413, 3, 5, 2099.97, 3, 'completed', '2024-02-11 13:38:00'),
(414, 4, 6, 15.99, 1, 'completed', '2024-02-11 11:45:00'),
(415, 5, 7, 325.00, 5, 'pending', '2024-02-11 09:19:00'),
(416, 6, 8, 106.50, 3, 'cancelled', '2024-02-11 09:57:00'),
(417, 7, 1, 6000.00, 5, 'completed', '2024-02-11 10:00:00'),
(418, 8, 2, 46.00, 1, 'completed', '2024-02-11 09:41:00'),
(419, 9, 3, 75.00, 3, 'completed', '2024-02-11 10:49:00'),
(420, 10, 4, 90.00, 1, 'completed', '2024-02-11 11:07:00'),
(421, 1, 5, 1399.98, 2, 'completed', '2024-02-12 15:06:00'),
(422, 2, 6, 79.95, 5, 'completed', '2024-02-12 14:59:00'),
(423, 3, 7, 65.00, 1, 'completed', '2024-02-12 16:54:00'),
(424, 4, 8, 177.50, 5, 'completed', '2024-02-12 11:37:00'),
(425, 5, 1, 1200.01, 1, 'completed', '2024-02-12 15:32:00'),
(426, 6, 2, 91.98, 2, 'completed', '2024-02-12 14:03:00'),
(427, 7, 3, 100.00, 4, 'completed', '2024-02-12 10:01:00'),
(428, 8, 4, 359.97, 4, 'completed', '2024-02-12 09:47:00'),
(429, 9, 5, 2799.96, 4, 'completed', '2024-02-12 12:57:00'),
(430, 10, 6, 31.98, 2, 'completed', '2024-02-12 10:38:00'),
(431, 1, 7, 130.00, 2, 'completed', '2024-02-13 16:32:00'),
(432, 2, 8, 106.50, 3, 'completed', '2024-02-13 15:17:00'),
(433, 3, 1, 4800.00, 4, 'cancelled', '2024-02-13 16:19:00'),
(434, 4, 2, 91.98, 2, 'completed', '2024-02-13 13:20:00'),
(435, 5, 3, 25.00, 1, 'pending', '2024-02-13 16:07:00'),
(436, 6, 4, 269.96, 3, 'completed', '2024-02-13 12:39:00'),
(437, 7, 5, 1399.99, 2, 'completed', '2024-02-13 15:45:00'),
(438, 8, 6, 79.95, 5, 'completed', '2024-02-13 09:09:00'),
(439, 9, 7, 260.00, 4, 'pending', '2024-02-13 14:09:00'),
(440, 10, 8, 71.00, 2, 'completed', '2024-02-13 14:46:00'),
(441, 1, 1, 1200.00, 1, 'completed', '2024-02-14 16:27:00'),
(442, 2, 2, 229.95, 5, 'completed', '2024-02-14 16:40:00'),
(443, 3, 3, 100.00, 4, 'completed', '2024-02-14 10:21:00'),
(444, 4, 4, 89.99, 1, 'cancelled', '2024-02-14 13:43:00'),
(445, 5, 5, 3499.96, 5, 'completed', '2024-02-14 09:25:00'),
(446, 6, 6, 57.80, 2, 'completed', '2024-02-14 13:57:00'),
(447, 7, 7, 260.00, 4, 'completed', '2024-02-14 14:51:00'),
(448, 8, 8, 106.50, 3, 'completed', '2024-02-14 11:36:00'),
(449, 9, 1, 2082.99, 1, 'completed', '2024-02-14 13:04:00'),
(450, 10, 2, 183.96, 4, 'completed', '2024-02-14 11:06:00'),
(451, 1, 3, 125.00, 5, 'completed', '2024-02-15 15:58:00'),
(452, 2, 4, 89.99, 1, 'completed', '2024-02-15 15:02:00'),
(453, 3, 5, 3499.95, 5, 'completed', '2024-02-15 16:05:00'),
(454, 4, 6, 22.47, 1, 'completed', '2024-02-15 14:50:00'),
(455, 5, 7, 130.00, 2, 'completed', '2024-02-15 10:57:00'),
(456, 6, 8, 142.00, 4, 'completed', '2024-02-15 09:25:00'),
(457, 7, 1, 11024.09, 5, 'completed', '2024-02-15 10:52:00'),
(458, 8, 2, 229.95, 5, 'completed', '2024-02-15 13:04:00'),
(459, 9, 3, 25.00, 1, 'completed', '2024-02-15 10:49:00'),
(460, 10, 4, 359.97, 4, 'completed', '2024-02-15 15:20:00'),
(461, 1, 5, 2099.97, 3, 'pending', '2024-02-16 12:57:00'),
(462, 2, 6, 15.99, 1, 'cancelled', '2024-02-16 10:59:00'),
(463, 3, 7, 195.00, 3, 'completed', '2024-02-16 11:30:00'),
(464, 4, 8, 177.50, 5, 'completed', '2024-02-16 14:41:00'),
(465, 5, 1, 1200.00, 1, 'completed', '2024-02-16 16:49:00'),
(466, 6, 2, 137.97, 3, 'completed', '2024-02-16 11:58:00'),
(467, 7, 3, 75.00, 3, 'completed', '2024-02-16 15:54:00'),
(468, 8, 4, 179.98, 2, 'completed', '2024-02-16 13:58:00'),
(469, 9, 5, 1399.97, 2, 'completed', '2024-02-16 12:35:00'),
(470, 10, 6, 79.95, 5, 'completed', '2024-02-16 16:29:00'),
(471, 1, 7, 325.00, 5, 'completed', '2024-02-17 10:36:00'),
(472, 2, 8, 35.50, 1, 'cancelled', '2024-02-17 10:39:00'),
(473, 3, 1, 3600.00, 3, 'pending', '2024-02-17 15:57:00'),
(474, 4, 2, 229.95, 5, 'completed', '2024-02-17 16:30:00'),
(475, 5, 3, 100.00, 4, 'completed', '2024-02-17 16:51:00'),
(476, 6, 4, 179.98, 2, 'completed', '2024-02-17 09:51:00'),
(477, 7, 5, 3499.95, 5, 'completed', '2024-02-17 14:56:00'),
(478, 8, 6, 31.98, 2, 'pending', '2024-02-17 09:05:00'),
(479, 9, 7, 259.99, 4, 'completed', '2024-02-17 12:36:00'),
(480, 10, 8, 106.50, 3, 'completed', '2024-02-17 10:54:00'),
(481, 1, 1, 1200.00, 1, 'completed', '2024-02-18 16:33:00'),
(482, 2, 2, 91.99, 2, 'completed', '2024-02-18 13:50:00'),
(483, 3, 3, 25.00, 1, 'completed', '2024-02-18 10:05:00'),
(484, 4, 4, 359.96, 4, 'completed', '2024-02-18 10:19:00'),
(485, 5, 5, 1399.98, 2, 'completed', '2024-02-18 16:11:00'),
(486, 6, 6, 63.96, 4, 'completed', '2024-02-18 14:52:00'),
(487, 7, 7, 325.00, 5, 'completed', '2024-02-18 15:54:00'),
(488, 8, 8, 142.00, 4, 'completed', '2024-02-18 13:26:00'),
(489, 9, 1, 1702.34, 1, 'completed', '2024-02-18 15:29:00'),
(490, 10, 2, 91.98, 2, 'completed', '2024-02-18 15:26:00'),
(491, 1, 3, 100.00, 4, 'completed', '2024-02-19 15:38:00'),
(492, 2, 4, 359.96, 4, 'completed', '2024-02-19 16:54:00'),
(493, 3, 5, 699.99, 1, 'completed', '2024-02-19 11:06:00'),
(494, 4, 6, 63.96, 4, 'completed', '2024-02-19 15:38:00'),
(495, 5, 7, 305.23, 3, 'completed', '2024-02-19 11:26:00'),
(496, 6, 8, 177.50, 5, 'completed', '2024-02-19 12:33:00'),
(497, 7, 1, 6828.25, 4, 'completed', '2024-02-19 16:49:00'),
(498, 8, 2, 137.97, 3, 'completed', '2024-02-19 10:46:00'),
(499, 9, 3, 212.55, 5, 'completed', '2024-02-19 09:42:00'),
(500, 10, 4, 668.33, 5, 'completed', '2024-02-19 13:06:00');
SET IDENTITY_INSERT orders OFF;